ID,Predicted Label
26709220,2
9271903,3
6669665,0
8062510,0
7134109,3
2089001,1
13748529,1
13665311,2
1312584,3
22815884,0
11143138,1
15834753,1
12732451,0
11624958,3
11039716,0
2417326,0
12182097,1
14851425,0
35542282,1
818002,0
24484283,1
24160684,2
9481844,0
76349,0
28271211,1
16676489,0
8172107,1
2728247,0
2557546,2
673613,0
4921024,0
19094684,2
7051491,0
24485169,1
10223140,0
6832750,1
21183787,1
4450578,0
92684,0
2987094,3
3612689,2
6446061,0
20727580,1
10747502,0
1126356,0
1894535,0
5735156,0
21483521,1
3541643,1
2675949,1
11140775,0
26460403,3
15912142,1
20904680,1
14899853,3
19308865,1
2138030,0
8656096,0
28275706,3
13542692,1
21081380,1
28197101,0
19405420,1
8958592,0
7222376,1
3167956,0
20088496,1
14185043,2
6285350,0
34203225,3
11003593,0
10998215,1
7482821,1
2970638,0
20928705,1
18118843,0
217825,1
28887962,3
34888850,1
35637385,0
35908536,3
2981371,3
21577731,0
24122710,2
23663192,3
23998259,3
27836693,3
15187211,3
30171265,1
9190913,3
26533305,0
29454281,3
19163251,2
28963604,1
14556392,0
27363241,1
14580095,3
26623942,1
17176729,3
26280582,1
3581636,2
2037842,2
21015620,3
143952,3
23142490,1
2265234,3
26583800,2
26304500,2
24607515,2
21868051,3
2623071,3
20012069,2
30736519,0
21419791,3
37067980,2
5947065,2
31322368,3
2466773,0
2935848,0
597576,2
26369030,1
31743501,0
15644748,0
12788657,1
372218,1
25914703,1
956994,3
2417064,3
33364558,2
1872336,3
9085771,0
18780551,3
181353,3
156558,3
16252026,1
27216746,0
28725665,1
28222345,0
497109,0
5962955,3
36422528,1
16793507,2
26227694,2
3028097,0
23435112,2
3607757,0
6612094,0
24508400,2
4384761,1
31122996,1
20906855,3
13229264,3
14233418,3
18593306,1
31083557,3
19218944,3
277666,0
1367501,2
14025685,3
187642,3
1588102,2
11823946,3
74912,3
2983714,1
11646548,3
7195862,3
32891767,1
30268530,2
1188393,2
27081302,3
16686440,3
16965135,1
15307603,3
3665600,3
15313145,1
33427517,3
76399,3
1988341,1
2845380,3
30785672,3
1503023,1
176489,3
19436174,1
4070671,3
13892034,3
6324060,1
12490737,0
18656678,3
6232030,1
168747,3
25565399,3
13504835,1
31563699,3
9652359,3
31136421,3
10048887,3
13275999,3
14336880,1
988136,3
27178030,3
